time,0
2020_04_12,"[[9.7174670e+06 1.5510000e+03 1.9529000e+04 2.7907000e+04 3.6650000e+03]
 [1.1940000e+03 3.9872360e+06 9.4200000e+02 1.8479000e+04 2.4010000e+03]
 [1.4511000e+04 1.4250000e+03 2.7769690e+06 8.4217000e+04 1.0040000e+03]
 [2.2661000e+04 2.4412000e+04 4.7170000e+04 3.9820832e+07 1.1782000e+04]
 [3.1710000e+03 2.2600000e+03 1.3850000e+03 1.3780000e+04 1.1423959e+07]]"
2020_04_13,"[[1.0940698e+07 1.2870000e+03 2.1533000e+04 2.9451000e+04 3.7250000e+03]
 [1.4350000e+03 5.3097480e+06 1.0660000e+03 2.5508000e+04 3.3710000e+03]
 [1.8298000e+04 1.8670000e+03 3.0614260e+06 1.0548500e+05 9.2100000e+02]
 [2.3029000e+04 2.8470000e+04 5.8146000e+04 4.6561976e+07 1.3350000e+04]
 [2.7390000e+03 2.6310000e+03 1.1710000e+03 1.4582000e+04 1.2386213e+07]]"
2020_04_14,"[[1.1577539e+07 1.3960000e+03 2.3633000e+04 3.0150000e+04 4.0830000e+03]
 [1.9740000e+03 5.5221730e+06 1.0570000e+03 2.6075000e+04 2.8060000e+03]
 [1.7208000e+04 1.7930000e+03 3.2821460e+06 1.1547100e+05 9.3500000e+02]
 [2.6637000e+04 3.0767000e+04 6.5570000e+04 4.7815941e+07 1.4017000e+04]
 [2.9900000e+03 2.7760000e+03 1.4560000e+03 1.6039000e+04 1.3287836e+07]]"
2020_04_15,"[[1.1680674e+07 1.4770000e+03 2.6151000e+04 3.0978000e+04 4.3060000e+03]
 [1.7710000e+03 5.8017070e+06 1.2320000e+03 2.6158000e+04 2.7060000e+03]
 [1.9076000e+04 1.6380000e+03 3.4710260e+06 1.1662500e+05 7.9200000e+02]
 [2.7725000e+04 3.0351000e+04 7.1349000e+04 5.0292871e+07 1.5568000e+04]
 [3.3960000e+03 3.6330000e+03 1.2630000e+03 1.6232000e+04 1.3534472e+07]]"
2020_04_16,"[[1.1794666e+07 1.6400000e+03 2.6769000e+04 3.0870000e+04 3.5530000e+03]
 [1.8040000e+03 5.8418480e+06 1.1500000e+03 2.4823000e+04 3.2530000e+03]
 [1.8425000e+04 1.5860000e+03 3.4477100e+06 1.1351500e+05 9.2500000e+02]
 [2.6870000e+04 2.9400000e+04 7.1168000e+04 5.0539805e+07 1.4394000e+04]
 [2.9850000e+03 3.0650000e+03 1.6630000e+03 1.6169000e+04 1.3844824e+07]]"
2020_04_17,"[[1.2375834e+07 1.4770000e+03 2.8233000e+04 3.4374000e+04 4.3250000e+03]
 [1.2500000e+03 6.1307450e+06 1.1660000e+03 2.5349000e+04 3.3720000e+03]
 [1.9844000e+04 1.7750000e+03 3.6048420e+06 1.2865800e+05 1.3770000e+03]
 [2.5801000e+04 3.0438000e+04 7.1650000e+04 5.1272906e+07 1.5027000e+04]
 [3.9140000e+03 3.2420000e+03 1.7200000e+03 1.7180000e+04 1.4400796e+07]]"
2020_04_18,"[[1.1889506e+07 1.7170000e+03 2.4691000e+04 3.5726000e+04 3.6490000e+03]
 [9.7600000e+02 5.6279250e+06 1.2260000e+03 2.3382000e+04 3.3740000e+03]
 [1.7493000e+04 2.3940000e+03 3.3784230e+06 1.2014200e+05 1.1150000e+03]
 [2.4515000e+04 2.9673000e+04 7.0122000e+04 4.8390358e+07 1.3478000e+04]
 [3.8110000e+03 2.9620000e+03 1.6980000e+03 1.6352000e+04 1.3168712e+07]]"
2020_04_19,"[[1.0443188e+07 1.3340000e+03 2.0854000e+04 3.0864000e+04 2.8770000e+03]
 [1.2310000e+03 4.3993930e+06 1.0660000e+03 2.2432000e+04 3.0630000e+03]
 [1.7168000e+04 1.4640000e+03 3.1220500e+06 1.0550500e+05 1.1120000e+03]
 [2.2289000e+04 2.6350000e+04 5.8745000e+04 4.3465950e+07 1.4059000e+04]
 [3.3650000e+03 2.6440000e+03 1.9230000e+03 1.6367000e+04 1.2681556e+07]]"
2020_04_20,"[[1.1363320e+07 1.5340000e+03 2.4783000e+04 3.1955000e+04 3.8250000e+03]
 [1.6720000e+03 5.6167810e+06 1.1190000e+03 2.4338000e+04 3.4650000e+03]
 [1.8763000e+04 2.1360000e+03 3.3195130e+06 1.1074100e+05 1.1540000e+03]
 [2.6250000e+04 3.0181000e+04 6.6660000e+04 4.8008772e+07 1.5401000e+04]
 [2.9510000e+03 3.1230000e+03 1.4850000e+03 1.6721000e+04 1.2851322e+07]]"
2020_04_21,"[[1.1130165e+07 1.6590000e+03 2.7110000e+04 3.4377000e+04 4.3520000e+03]
 [2.1020000e+03 5.7039540e+06 1.3310000e+03 2.7147000e+04 4.0740000e+03]
 [2.0768000e+04 1.8070000e+03 3.3595750e+06 1.2208500e+05 1.0430000e+03]
 [3.0571000e+04 3.3440000e+04 7.4320000e+04 4.8879436e+07 1.8632000e+04]
 [3.2120000e+03 3.5720000e+03 1.6240000e+03 1.6367000e+04 1.3305742e+07]]"
2020_04_22,"[[1.151163e+07 2.073000e+03 2.944300e+04 3.719100e+04 4.147000e+03]
 [1.593000e+03 5.509106e+06 1.580000e+03 2.720900e+04 4.269000e+03]
 [2.050200e+04 2.326000e+03 3.367603e+06 1.191910e+05 1.543000e+03]
 [3.156300e+04 3.435000e+04 7.812000e+04 4.790847e+07 1.772500e+04]
 [3.357000e+03 3.394000e+03 1.706000e+03 1.633000e+04 1.381332e+07]]"
2020_04_23,"[[1.1562583e+07 1.6550000e+03 2.9239000e+04 3.7476000e+04 4.2800000e+03]
 [1.4770000e+03 5.5080300e+06 1.2200000e+03 2.6219000e+04 4.2000000e+03]
 [2.2024000e+04 2.3860000e+03 3.4348160e+06 1.2576600e+05 1.0870000e+03]
 [3.2569000e+04 3.5062000e+04 7.7142000e+04 5.0755795e+07 1.7588000e+04]
 [3.3740000e+03 2.9910000e+03 1.5320000e+03 1.6746000e+04 1.3193608e+07]]"
2020_04_24,"[[1.1996572e+07 2.0250000e+03 3.1174000e+04 3.6556000e+04 3.6260000e+03]
 [1.5240000e+03 6.1854630e+06 1.3650000e+03 2.6922000e+04 4.1090000e+03]
 [2.1005000e+04 2.0350000e+03 3.5481820e+06 1.4078600e+05 1.4840000e+03]
 [3.0799000e+04 3.6236000e+04 7.8806000e+04 5.2804712e+07 1.7048000e+04]
 [3.6760000e+03 2.7990000e+03 1.3990000e+03 1.7820000e+04 1.3864030e+07]]"
2020_04_25,"[[1.1219127e+07 1.8020000e+03 2.8285000e+04 3.6665000e+04 4.2180000e+03]
 [1.3370000e+03 5.6735570e+06 1.7020000e+03 2.4626000e+04 3.7010000e+03]
 [1.9401000e+04 2.0040000e+03 3.3597190e+06 1.3427700e+05 1.1630000e+03]
 [2.9542000e+04 3.6314000e+04 8.0561000e+04 5.0791881e+07 1.6482000e+04]
 [3.8980000e+03 2.9900000e+03 1.7030000e+03 1.9247000e+04 1.3284819e+07]]"
2020_04_26,"[[1.0580942e+07 1.5430000e+03 2.6907000e+04 3.5207000e+04 4.0300000e+03]
 [1.3680000e+03 5.1989620e+06 1.4090000e+03 2.3306000e+04 2.7780000e+03]
 [1.8216000e+04 1.3910000e+03 3.0781150e+06 1.1635400e+05 9.4400000e+02]
 [2.8404000e+04 3.1766000e+04 6.6202000e+04 4.6503410e+07 1.5363000e+04]
 [3.9110000e+03 2.8480000e+03 1.9930000e+03 1.6388000e+04 1.2144404e+07]]"
2020_04_27,"[[1.1346021e+07 1.4400000e+03 2.9734000e+04 3.5849000e+04 4.7900000e+03]
 [1.3060000e+03 5.7674630e+06 9.4200000e+02 2.4858000e+04 3.0020000e+03]
 [2.0081000e+04 1.8510000e+03 3.3308270e+06 1.2253100e+05 1.0820000e+03]
 [3.0900000e+04 3.0973000e+04 7.3185000e+04 4.9611240e+07 1.6216000e+04]
 [3.4750000e+03 3.2280000e+03 1.8040000e+03 1.7718000e+04 1.3344897e+07]]"
2020_04_28,"[[1.1562401e+07 1.5060000e+03 3.0741000e+04 3.7163000e+04 4.7170000e+03]
 [1.1290000e+03 5.7171810e+06 1.0620000e+03 2.6015000e+04 3.9190000e+03]
 [1.9979000e+04 2.1480000e+03 3.4069860e+06 1.2938400e+05 1.2840000e+03]
 [2.9780000e+04 3.2312000e+04 7.5194000e+04 4.8895942e+07 1.7436000e+04]
 [3.9340000e+03 3.6860000e+03 1.9860000e+03 1.6713000e+04 1.3560445e+07]]"
2020_04_29,"[[1.1401103e+07 1.4850000e+03 3.1522000e+04 3.8596000e+04 4.0450000e+03]
 [1.2740000e+03 5.6352360e+06 1.4890000e+03 2.8197000e+04 4.1850000e+03]
 [1.9869000e+04 2.0130000e+03 3.4186870e+06 1.2751500e+05 1.7680000e+03]
 [3.2084000e+04 3.2708000e+04 7.6227000e+04 4.9639051e+07 1.8008000e+04]
 [3.5890000e+03 3.1330000e+03 1.8610000e+03 1.7262000e+04 1.3799360e+07]]"
2020_04_30,"[[1.1842918e+07 1.7470000e+03 3.3286000e+04 4.0337000e+04 4.2780000e+03]
 [1.5670000e+03 6.0980470e+06 1.3220000e+03 3.0887000e+04 3.9660000e+03]
 [2.2377000e+04 2.1610000e+03 3.4357600e+06 1.3536800e+05 1.2280000e+03]
 [3.5511000e+04 3.5978000e+04 8.3337000e+04 5.2880535e+07 1.9027000e+04]
 [4.7330000e+03 3.6410000e+03 2.0690000e+03 1.8149000e+04 1.3144529e+07]]"
2020_05_01,"[[1.2475776e+07 1.3940000e+03 3.1233000e+04 3.1831000e+04 2.3530000e+03]
 [1.4700000e+03 6.6391300e+06 1.4200000e+03 2.3800000e+04 2.8020000e+03]
 [1.9754000e+04 1.4700000e+03 3.7442820e+06 1.3077200e+05 1.3800000e+03]
 [2.7740000e+04 2.9893000e+04 7.6316000e+04 5.6642957e+07 1.3696000e+04]
 [2.9690000e+03 2.6840000e+03 1.1370000e+03 1.1272000e+04 1.4729868e+07]]"
2020_05_02,"[[1.2047074e+07 1.5710000e+03 2.9208000e+04 3.3475000e+04 2.5790000e+03]
 [1.4480000e+03 6.1803270e+06 1.0860000e+03 2.3534000e+04 2.7540000e+03]
 [1.7741000e+04 1.4460000e+03 3.4867610e+06 1.3391200e+05 1.1850000e+03]
 [2.6994000e+04 3.3636000e+04 7.9524000e+04 5.4620988e+07 1.4227000e+04]
 [3.1560000e+03 2.2620000e+03 1.4590000e+03 1.2806000e+04 1.4665762e+07]]"
2020_05_03,"[[1.1111711e+07 1.5780000e+03 2.4291000e+04 2.9087000e+04 2.9510000e+03]
 [1.3760000e+03 5.4816700e+06 9.9400000e+02 2.2506000e+04 2.4250000e+03]
 [1.5237000e+04 1.3370000e+03 3.2037600e+06 1.0598100e+05 1.0340000e+03]
 [2.5963000e+04 2.7954000e+04 6.6552000e+04 4.9772040e+07 1.2110000e+04]
 [2.4480000e+03 2.0760000e+03 1.7820000e+03 1.2379000e+04 1.3267742e+07]]"
2020_05_04,"[[1.1737810e+07 1.3760000e+03 2.3947000e+04 3.0623000e+04 2.9790000e+03]
 [1.5060000e+03 6.1013200e+06 1.1330000e+03 2.6774000e+04 2.6650000e+03]
 [1.7447000e+04 1.6510000e+03 3.5042180e+06 1.1866600e+05 1.0460000e+03]
 [2.7106000e+04 2.6951000e+04 6.9792000e+04 5.2201545e+07 1.4505000e+04]
 [3.1020000e+03 2.1640000e+03 9.3800000e+02 1.1815000e+04 1.4057579e+07]]"
2020_05_05,"[[1.1876453e+07 1.8030000e+03 2.6210000e+04 3.1358000e+04 3.5320000e+03]
 [1.6070000e+03 6.0455410e+06 1.1350000e+03 2.7250000e+04 2.2450000e+03]
 [1.8019000e+04 1.6290000e+03 3.5316150e+06 1.1331100e+05 9.0700000e+02]
 [2.6927000e+04 2.8813000e+04 7.2053000e+04 5.2610917e+07 1.3980000e+04]
 [3.7950000e+03 2.2300000e+03 1.1870000e+03 1.2898000e+04 1.3597348e+07]]"
2020_05_06,"[[1.1848102e+07 1.3360000e+03 2.5787000e+04 3.3436000e+04 3.3410000e+03]
 [1.4850000e+03 6.1301100e+06 1.5350000e+03 2.7380000e+04 3.0710000e+03]
 [1.9351000e+04 1.4760000e+03 3.4764220e+06 1.1404300e+05 1.1350000e+03]
 [2.6433000e+04 3.0063000e+04 7.5448000e+04 5.3551017e+07 1.6264000e+04]
 [3.3870000e+03 2.3640000e+03 1.4820000e+03 2.0765000e+04 1.3715020e+07]]"
2020_05_07,"[[1.1962530e+07 1.3470000e+03 2.8460000e+04 3.4860000e+04 3.5170000e+03]
 [1.5640000e+03 6.3106980e+06 1.1920000e+03 2.8252000e+04 3.6670000e+03]
 [1.9706000e+04 1.7090000e+03 3.5638170e+06 1.2251200e+05 1.3160000e+03]
 [2.8135000e+04 3.1991000e+04 7.6074000e+04 5.4155107e+07 1.7495000e+04]
 [4.0050000e+03 2.4780000e+03 1.4540000e+03 2.5649000e+04 1.4429205e+07]]"
2020_05_08,"[[1.2713280e+07 1.9340000e+03 3.1495000e+04 3.9062000e+04 3.2370000e+03]
 [1.5940000e+03 6.2124040e+06 8.4800000e+02 2.9056000e+04 2.6490000e+03]
 [2.3300000e+04 1.9040000e+03 3.7332140e+06 1.4299300e+05 1.2610000e+03]
 [2.9135000e+04 3.7716000e+04 8.3298000e+04 5.6993956e+07 1.5024000e+04]
 [4.2340000e+03 2.7240000e+03 1.4540000e+03 1.6956000e+04 1.4506619e+07]]"
2020_05_09,"[[1.2578683e+07 1.7530000e+03 3.0218000e+04 4.2553000e+04 3.4690000e+03]
 [1.3360000e+03 6.4165020e+06 9.4700000e+02 2.9299000e+04 2.3740000e+03]
 [2.4875000e+04 1.9080000e+03 3.5527540e+06 1.5241800e+05 1.0230000e+03]
 [2.9614000e+04 4.4052000e+04 8.9866000e+04 5.7716454e+07 1.4977000e+04]
 [4.1130000e+03 3.4030000e+03 1.5100000e+03 1.7053000e+04 1.4434010e+07]]"
2020_05_10,"[[1.1342837e+07 1.7400000e+03 2.6645000e+04 3.4303000e+04 3.5380000e+03]
 [1.3080000e+03 5.8028860e+06 1.1340000e+03 2.6766000e+04 2.3760000e+03]
 [1.9315000e+04 1.8860000e+03 3.2964030e+06 1.2058500e+05 1.5560000e+03]
 [2.8624000e+04 3.9567000e+04 7.8553000e+04 5.2220863e+07 1.4072000e+04]
 [4.0110000e+03 3.5120000e+03 1.7370000e+03 1.5271000e+04 1.3614305e+07]]"
2020_05_11,"[[1.1661119e+07 1.6350000e+03 2.8158000e+04 3.5809000e+04 3.8340000e+03]
 [1.3880000e+03 6.1994600e+06 1.1780000e+03 3.1071000e+04 2.8420000e+03]
 [2.1230000e+04 2.1520000e+03 3.3523950e+06 1.2248800e+05 9.9600000e+02]
 [3.0812000e+04 3.5326000e+04 7.5221000e+04 5.2767554e+07 1.4246000e+04]
 [4.0590000e+03 3.4160000e+03 1.0830000e+03 1.5945000e+04 1.3690030e+07]]"
2020_05_12,"[[1.2279218e+07 2.0590000e+03 3.0966000e+04 3.8915000e+04 4.2140000e+03]
 [1.9080000e+03 6.2680580e+06 1.4530000e+03 3.1349000e+04 3.1020000e+03]
 [2.1909000e+04 2.3700000e+03 3.4998970e+06 1.2379000e+05 1.0810000e+03]
 [3.1197000e+04 3.3670000e+04 7.8220000e+04 5.2257673e+07 1.5138000e+04]
 [4.6640000e+03 3.7050000e+03 1.8060000e+03 1.5338000e+04 1.4175727e+07]]"
2020_05_13,"[[1.2204230e+07 2.0300000e+03 2.9709000e+04 4.0206000e+04 4.2140000e+03]
 [1.7560000e+03 6.3617200e+06 1.6380000e+03 3.1713000e+04 3.5900000e+03]
 [2.2504000e+04 2.3310000e+03 3.5707580e+06 1.2826900e+05 1.2130000e+03]
 [3.1974000e+04 3.3741000e+04 7.9844000e+04 5.4186775e+07 1.8519000e+04]
 [4.6310000e+03 4.5750000e+03 1.3390000e+03 2.1781000e+04 1.4439734e+07]]"
2020_05_14,"[[1.2690080e+07 2.4320000e+03 2.9127000e+04 4.3198000e+04 4.3210000e+03]
 [1.6990000e+03 6.2092210e+06 1.2840000e+03 3.1999000e+04 3.5810000e+03]
 [2.3576000e+04 2.4420000e+03 3.5472830e+06 1.3289600e+05 9.1800000e+02]
 [3.3074000e+04 3.4890000e+04 8.0649000e+04 5.4448057e+07 1.8246000e+04]
 [4.8230000e+03 4.0620000e+03 2.1510000e+03 2.1778000e+04 1.4352407e+07]]"
2020_05_15,"[[1.3285970e+07 1.9780000e+03 3.2657000e+04 4.5548000e+04 4.2510000e+03]
 [1.6620000e+03 6.6367030e+06 1.6360000e+03 3.1409000e+04 3.7930000e+03]
 [2.5023000e+04 2.3890000e+03 3.7585120e+06 1.5673600e+05 1.1470000e+03]
 [3.6234000e+04 4.1373000e+04 8.6027000e+04 5.6205215e+07 2.0078000e+04]
 [5.3710000e+03 4.6270000e+03 1.6720000e+03 2.1447000e+04 1.5445111e+07]]"
2020_05_16,"[[1.2883353e+07 1.8360000e+03 3.1544000e+04 4.9281000e+04 4.3250000e+03]
 [1.5070000e+03 6.2094190e+06 1.3250000e+03 3.1679000e+04 3.6000000e+03]
 [2.6924000e+04 1.7610000e+03 3.5554110e+06 1.6390200e+05 1.2370000e+03]
 [3.6161000e+04 4.4922000e+04 9.5317000e+04 5.2576453e+07 1.9911000e+04]
 [5.2620000e+03 4.6320000e+03 2.1300000e+03 2.4291000e+04 1.4743375e+07]]"
2020_05_17,"[[1.1408695e+07 1.8250000e+03 2.7756000e+04 4.3311000e+04 4.7870000e+03]
 [1.7880000e+03 5.3491940e+06 1.4260000e+03 2.9309000e+04 3.2890000e+03]
 [2.4367000e+04 1.9570000e+03 3.2476870e+06 1.2449300e+05 1.0800000e+03]
 [3.4994000e+04 3.7234000e+04 8.3908000e+04 5.0927305e+07 1.8153000e+04]
 [4.4000000e+03 4.0830000e+03 2.5340000e+03 2.0101000e+04 1.3332242e+07]]"
2020_05_18,"[[1.2550322e+07 2.2140000e+03 2.9900000e+04 4.2478000e+04 3.9250000e+03]
 [1.6060000e+03 6.2499410e+06 1.4550000e+03 3.0376000e+04 3.2620000e+03]
 [2.4021000e+04 1.9680000e+03 3.5829840e+06 1.3039600e+05 1.0280000e+03]
 [3.5659000e+04 3.5919000e+04 8.3447000e+04 5.5170501e+07 1.7815000e+04]
 [4.6990000e+03 3.3020000e+03 1.9210000e+03 1.6807000e+04 1.3741604e+07]]"
2020_05_19,"[[1.2807949e+07 2.1870000e+03 2.9724000e+04 4.3417000e+04 3.9980000e+03]
 [1.7110000e+03 6.3352150e+06 1.0890000e+03 3.2610000e+04 3.6370000e+03]
 [2.3447000e+04 1.8240000e+03 3.5570810e+06 1.2800400e+05 1.1340000e+03]
 [3.5699000e+04 3.8378000e+04 8.3457000e+04 5.5232123e+07 1.8731000e+04]
 [5.2400000e+03 3.5340000e+03 1.8990000e+03 1.7499000e+04 1.3791210e+07]]"
2020_05_20,"[[1.2916741e+07 2.0770000e+03 3.2707000e+04 4.8610000e+04 3.7680000e+03]
 [1.6080000e+03 6.4309100e+06 1.0630000e+03 3.4619000e+04 4.1910000e+03]
 [2.5099000e+04 2.1270000e+03 3.7055900e+06 1.4132900e+05 9.8500000e+02]
 [3.9108000e+04 4.0994000e+04 8.7432000e+04 5.5988746e+07 2.0356000e+04]
 [4.8760000e+03 4.2670000e+03 2.1940000e+03 1.9175000e+04 1.3994490e+07]]"
2020_05_21,"[[1.3136858e+07 2.2380000e+03 3.4403000e+04 5.0075000e+04 3.7860000e+03]
 [1.6570000e+03 6.5764480e+06 1.1930000e+03 3.5566000e+04 4.2190000e+03]
 [2.8975000e+04 2.5170000e+03 3.7163790e+06 1.5426100e+05 1.0820000e+03]
 [4.0275000e+04 4.4106000e+04 9.4269000e+04 5.6639231e+07 2.0196000e+04]
 [5.1950000e+03 4.6790000e+03 2.1670000e+03 2.4000000e+04 1.4108066e+07]]"
2020_05_22,"[[1.3318143e+07 2.6510000e+03 3.9472000e+04 5.4550000e+04 3.3580000e+03]
 [1.7310000e+03 6.7956900e+06 1.2890000e+03 3.7902000e+04 4.6670000e+03]
 [3.7927000e+04 2.4580000e+03 3.8520600e+06 1.8601700e+05 1.6240000e+03]
 [4.4548000e+04 5.7737000e+04 1.1000300e+05 5.9742012e+07 2.2080000e+04]
 [5.4260000e+03 5.4260000e+03 1.7300000e+03 3.4322000e+04 1.4878795e+07]]"
2020_05_23,"[[1.2701870e+07 2.2970000e+03 4.2154000e+04 5.6990000e+04 4.3930000e+03]
 [1.7260000e+03 6.1012180e+06 1.1250000e+03 4.0665000e+04 4.2150000e+03]
 [3.7412000e+04 1.8860000e+03 3.5002920e+06 1.9254200e+05 1.4540000e+03]
 [4.6585000e+04 6.5678000e+04 1.2281600e+05 5.6118224e+07 2.3364000e+04]
 [5.3740000e+03 5.8400000e+03 1.8830000e+03 3.0343000e+04 1.4481562e+07]]"
2020_05_24,"[[1.1679592e+07 2.2560000e+03 3.9338000e+04 5.5585000e+04 4.1550000e+03]
 [2.1260000e+03 5.6016780e+06 1.3410000e+03 3.7425000e+04 4.2270000e+03]
 [3.6223000e+04 2.0630000e+03 3.2635550e+06 1.6447300e+05 1.3290000e+03]
 [4.2700000e+04 5.7257000e+04 1.1399800e+05 4.9377432e+07 1.9883000e+04]
 [6.0160000e+03 4.6300000e+03 1.9110000e+03 3.1661000e+04 1.3250808e+07]]"
2020_05_25,"[[1.1470304e+07 2.4940000e+03 3.5499000e+04 5.0263000e+04 4.3320000e+03]
 [1.9660000e+03 5.4881560e+06 1.2070000e+03 3.4558000e+04 4.3190000e+03]
 [3.3127000e+04 2.2180000e+03 3.2050100e+06 1.5219300e+05 9.8800000e+02]
 [4.0777000e+04 5.0431000e+04 9.7794000e+04 4.8174232e+07 2.0996000e+04]
 [6.0780000e+03 4.6670000e+03 1.4970000e+03 2.9173000e+04 1.3294391e+07]]"
2020_05_26,"[[1.2619490e+07 2.4670000e+03 3.3797000e+04 5.1308000e+04 4.8980000e+03]
 [1.7450000e+03 6.0668130e+06 1.3880000e+03 3.7620000e+04 5.0750000e+03]
 [2.8683000e+04 2.0980000e+03 3.6280010e+06 1.5937900e+05 8.0300000e+02]
 [3.9507000e+04 4.3054000e+04 9.1611000e+04 5.4773835e+07 2.1462000e+04]
 [6.1810000e+03 4.3630000e+03 1.6270000e+03 3.1323000e+04 1.4332062e+07]]"
2020_05_27,"[[1.2886320e+07 2.7430000e+03 3.5737000e+04 5.0285000e+04 5.2400000e+03]
 [1.7940000e+03 6.1806170e+06 1.6700000e+03 3.6104000e+04 4.8970000e+03]
 [2.5668000e+04 2.2540000e+03 3.6273100e+06 1.5202700e+05 1.1840000e+03]
 [3.9676000e+04 4.3722000e+04 9.3347000e+04 5.5868885e+07 2.0418000e+04]
 [6.6000000e+03 4.2750000e+03 1.6990000e+03 2.7441000e+04 1.4534645e+07]]"
2020_05_28,"[[1.2850203e+07 2.3480000e+03 3.5866000e+04 5.3599000e+04 5.0060000e+03]
 [1.7040000e+03 6.4649450e+06 1.2280000e+03 3.8182000e+04 4.9490000e+03]
 [3.1030000e+04 2.4970000e+03 3.6765020e+06 1.6270900e+05 1.3920000e+03]
 [4.1660000e+04 4.5034000e+04 9.6946000e+04 5.6698723e+07 2.0659000e+04]
 [6.5540000e+03 4.2170000e+03 2.2310000e+03 2.5355000e+04 1.4370649e+07]]"
2020_05_29,"[[1.3497913e+07 2.2850000e+03 4.1155000e+04 5.6936000e+04 5.1100000e+03]
 [2.3160000e+03 6.8907710e+06 1.7340000e+03 4.3441000e+04 4.2730000e+03]
 [3.8933000e+04 2.9260000e+03 3.8331050e+06 1.7787800e+05 1.0330000e+03]
 [4.6562000e+04 5.2858000e+04 1.0882500e+05 6.2172847e+07 2.0146000e+04]
 [7.2560000e+03 4.6360000e+03 2.1020000e+03 2.5766000e+04 1.5485572e+07]]"
2020_05_30,"[[1.2491259e+07 2.5070000e+03 4.0135000e+04 5.9029000e+04 4.6960000e+03]
 [2.4100000e+03 6.4390080e+06 1.4430000e+03 4.4037000e+04 4.1300000e+03]
 [4.0452000e+04 2.5790000e+03 3.5294310e+06 1.8728300e+05 1.4300000e+03]
 [4.8647000e+04 5.6970000e+04 1.1231400e+05 5.8769654e+07 2.0666000e+04]
 [6.4000000e+03 4.2320000e+03 2.4570000e+03 2.6676000e+04 1.4718682e+07]]"
2020_05_31,"[[1.1279826e+07 2.4780000e+03 3.5327000e+04 4.9273000e+04 4.1370000e+03]
 [2.0680000e+03 5.7652750e+06 1.1150000e+03 3.7013000e+04 3.4970000e+03]
 [3.3309000e+04 1.8330000e+03 3.2535950e+06 1.4605300e+05 1.1430000e+03]
 [4.1526000e+04 4.4177000e+04 9.7542000e+04 5.1496860e+07 1.7350000e+04]
 [5.5390000e+03 3.5670000e+03 2.3660000e+03 2.3273000e+04 1.3722581e+07]]"
2020_06_01,"[[1.1937006e+07 2.6820000e+03 3.8272000e+04 4.8528000e+04 4.2950000e+03]
 [1.6370000e+03 6.4860810e+06 9.8400000e+02 3.7161000e+04 3.7290000e+03]
 [2.8614000e+04 1.7830000e+03 3.6337300e+06 1.4691000e+05 9.8500000e+02]
 [4.2890000e+04 4.1545000e+04 9.1453000e+04 5.5582150e+07 2.0695000e+04]
 [6.0230000e+03 3.7110000e+03 2.0920000e+03 2.3046000e+04 1.4709250e+07]]"
2020_06_02,"[[1.2427115e+07 2.1460000e+03 3.6538000e+04 5.1543000e+04 4.4360000e+03]
 [2.2290000e+03 6.5030140e+06 1.1270000e+03 3.6616000e+04 3.8200000e+03]
 [2.6069000e+04 2.0980000e+03 3.7036570e+06 1.4358800e+05 1.1460000e+03]
 [4.2421000e+04 4.3287000e+04 9.8325000e+04 5.6615817e+07 2.2769000e+04]
 [6.3450000e+03 3.5930000e+03 1.9630000e+03 2.2489000e+04 1.4851256e+07]]"
2020_06_03,"[[1.2755790e+07 2.6690000e+03 3.8104000e+04 5.6449000e+04 4.7940000e+03]
 [2.4370000e+03 6.3868320e+06 1.2240000e+03 3.8703000e+04 3.8820000e+03]
 [2.5190000e+04 2.1380000e+03 3.7173600e+06 1.4466300e+05 1.2610000e+03]
 [4.4232000e+04 4.3301000e+04 1.0105400e+05 5.7725698e+07 2.3699000e+04]
 [6.7930000e+03 4.2830000e+03 2.3870000e+03 2.3822000e+04 1.5216463e+07]]"
2020_06_04,"[[1.2598520e+07 3.1430000e+03 3.9977000e+04 5.7429000e+04 5.3760000e+03]
 [1.7830000e+03 6.5583860e+06 1.5610000e+03 4.2093000e+04 4.2170000e+03]
 [2.7723000e+04 2.2470000e+03 3.7566170e+06 1.5998700e+05 1.0150000e+03]
 [4.5146000e+04 4.6722000e+04 1.0913000e+05 5.8509658e+07 2.3129000e+04]
 [6.6330000e+03 3.7580000e+03 2.1470000e+03 2.4213000e+04 1.4969855e+07]]"
2020_06_05,"[[1.3105241e+07 3.1230000e+03 3.9358000e+04 6.0996000e+04 5.4000000e+03]
 [1.7750000e+03 6.7977990e+06 1.7020000e+03 4.4730000e+04 4.7520000e+03]
 [3.4340000e+04 2.2520000e+03 3.8580540e+06 1.8030300e+05 1.4370000e+03]
 [4.7415000e+04 5.4482000e+04 1.2055700e+05 6.1656116e+07 2.5156000e+04]
 [7.0010000e+03 5.0440000e+03 2.5220000e+03 2.8707000e+04 1.5444410e+07]]"
2020_06_06,"[[1.2990371e+07 3.2600000e+03 4.2144000e+04 6.0546000e+04 5.1430000e+03]
 [2.0750000e+03 6.4541980e+06 1.4450000e+03 4.4660000e+04 4.4840000e+03]
 [3.4673000e+04 2.0670000e+03 3.6071670e+06 1.8697000e+05 1.4580000e+03]
 [4.8763000e+04 6.5031000e+04 1.2990100e+05 5.9351713e+07 2.5900000e+04]
 [7.1270000e+03 5.5490000e+03 2.3580000e+03 2.8161000e+04 1.5148644e+07]]"
2020_06_07,"[[1.1296382e+07 2.2390000e+03 3.5005000e+04 5.4248000e+04 4.7230000e+03]
 [2.3220000e+03 5.4165610e+06 1.3640000e+03 3.8220000e+04 4.3990000e+03]
 [3.1445000e+04 1.7440000e+03 3.3711750e+06 1.5892900e+05 1.3470000e+03]
 [5.0613000e+04 4.7590000e+04 1.1230900e+05 5.3585633e+07 2.3552000e+04]
 [6.6240000e+03 4.9200000e+03 2.1960000e+03 2.6147000e+04 1.4169460e+07]]"
2020_06_08,"[[1.2796230e+07 2.6740000e+03 3.6923000e+04 5.6332000e+04 5.6130000e+03]
 [2.2680000e+03 5.8870360e+06 1.5600000e+03 3.9145000e+04 5.0760000e+03]
 [2.9007000e+04 2.0160000e+03 3.7159720e+06 1.5926400e+05 1.5440000e+03]
 [5.0825000e+04 4.1741000e+04 1.0633600e+05 5.7048198e+07 2.5353000e+04]
 [7.0820000e+03 4.9450000e+03 2.1880000e+03 2.6468000e+04 1.5101741e+07]]"
2020_06_09,"[[1.2773787e+07 3.2680000e+03 3.6047000e+04 5.8340000e+04 5.7340000e+03]
 [2.4880000e+03 6.3768840e+06 1.3780000e+03 3.8500000e+04 5.1110000e+03]
 [2.7460000e+04 2.6040000e+03 3.6979590e+06 1.5059000e+05 1.7580000e+03]
 [4.9044000e+04 4.2638000e+04 1.0519500e+05 5.7352094e+07 2.6880000e+04]
 [6.7420000e+03 4.8180000e+03 2.1310000e+03 2.5755000e+04 1.5141726e+07]]"
2020_06_10,"[[1.2957990e+07 2.7240000e+03 3.9442000e+04 5.2498000e+04 5.0100000e+03]
 [2.5010000e+03 6.5570710e+06 1.4930000e+03 3.6024000e+04 4.7900000e+03]
 [2.7523000e+04 1.8810000e+03 3.7570650e+06 1.3855500e+05 1.4220000e+03]
 [4.8809000e+04 4.1958000e+04 1.0246200e+05 5.8329338e+07 2.5569000e+04]
 [6.1210000e+03 5.0640000e+03 1.6190000e+03 2.3581000e+04 1.5015782e+07]]"
2020_06_11,"[[1.2912211e+07 2.6000000e+03 3.8352000e+04 5.7382000e+04 5.2930000e+03]
 [2.9220000e+03 6.7464310e+06 1.2660000e+03 3.8821000e+04 4.9920000e+03]
 [2.9493000e+04 1.7090000e+03 3.7371230e+06 1.4736100e+05 1.2980000e+03]
 [5.2475000e+04 4.7468000e+04 1.1240200e+05 5.9107122e+07 2.7076000e+04]
 [5.9800000e+03 4.5870000e+03 1.9360000e+03 2.5911000e+04 1.5045264e+07]]"
2020_06_12,"[[1.3406332e+07 3.2880000e+03 4.2257000e+04 5.8481000e+04 5.6540000e+03]
 [2.7640000e+03 7.0554540e+06 2.0500000e+03 4.4712000e+04 4.3430000e+03]
 [3.7275000e+04 2.0090000e+03 3.8579900e+06 1.6576300e+05 1.4690000e+03]
 [5.7038000e+04 5.9117000e+04 1.2824700e+05 6.1993915e+07 2.8247000e+04]
 [5.9170000e+03 4.8540000e+03 1.5410000e+03 2.6804000e+04 1.6065210e+07]]"
2020_06_13,"[[1.3201466e+07 3.2190000e+03 4.8622000e+04 6.4866000e+04 6.2770000e+03]
 [3.0280000e+03 6.5757770e+06 1.6440000e+03 4.4231000e+04 4.3010000e+03]
 [4.0957000e+04 1.5580000e+03 3.7121290e+06 1.8688800e+05 1.4740000e+03]
 [5.8359000e+04 7.9464000e+04 1.5097900e+05 6.0770108e+07 2.9862000e+04]
 [6.1900000e+03 5.6070000e+03 2.2970000e+03 2.8054000e+04 1.5747728e+07]]"
2020_06_14,"[[1.1875610e+07 2.5530000e+03 4.1959000e+04 5.8157000e+04 6.3000000e+03]
 [2.6620000e+03 5.8938270e+06 1.8160000e+03 4.0272000e+04 3.8730000e+03]
 [3.6020000e+04 1.7600000e+03 3.3675030e+06 1.5251500e+05 9.5600000e+02]
 [5.4688000e+04 6.2003000e+04 1.3237300e+05 5.4205193e+07 2.8314000e+04]
 [6.2130000e+03 4.7520000e+03 2.3580000e+03 2.6140000e+04 1.4146235e+07]]"
2020_06_15,"[[1.2706239e+07 2.0280000e+03 3.4982000e+04 4.9695000e+04 5.9150000e+03]
 [2.2860000e+03 6.6441640e+06 1.5450000e+03 3.5967000e+04 3.8180000e+03]
 [2.9625000e+04 1.5300000e+03 3.7389540e+06 1.4129700e+05 1.0500000e+03]
 [4.8746000e+04 4.6764000e+04 1.0399600e+05 5.7871027e+07 2.4031000e+04]
 [5.6290000e+03 4.2670000e+03 1.8820000e+03 2.2679000e+04 1.4699204e+07]]"
2020_06_16,"[[1.3011645e+07 1.7470000e+03 3.4402000e+04 5.0711000e+04 5.1640000e+03]
 [2.6990000e+03 6.7773820e+06 1.3890000e+03 3.3796000e+04 3.3940000e+03]
 [2.8689000e+04 1.8890000e+03 3.7913210e+06 1.3855000e+05 1.1190000e+03]
 [4.5521000e+04 4.3673000e+04 1.0104500e+05 5.8860217e+07 2.4100000e+04]
 [6.0140000e+03 5.2900000e+03 1.9300000e+03 2.3796000e+04 1.4834643e+07]]"
2020_06_17,"[[1.3261248e+07 1.9710000e+03 3.4948000e+04 5.6694000e+04 5.6520000e+03]
 [2.3260000e+03 6.8523500e+06 1.4940000e+03 3.8360000e+04 4.1580000e+03]
 [2.9958000e+04 1.6940000e+03 3.9619980e+06 1.4721700e+05 1.3550000e+03]
 [4.7134000e+04 4.8146000e+04 1.1095000e+05 6.0464825e+07 2.5271000e+04]
 [6.3150000e+03 4.6170000e+03 2.3170000e+03 2.6607000e+04 1.5025704e+07]]"
2020_06_18,"[[1.3365526e+07 2.0530000e+03 3.6722000e+04 6.0374000e+04 6.0800000e+03]
 [2.4680000e+03 6.9436240e+06 9.5000000e+02 3.8932000e+04 4.3960000e+03]
 [2.9787000e+04 2.0980000e+03 3.9317620e+06 1.7068500e+05 1.6690000e+03]
 [4.8039000e+04 5.3804000e+04 1.1589200e+05 6.0748677e+07 2.7073000e+04]
 [7.0610000e+03 4.7380000e+03 2.0670000e+03 2.6381000e+04 1.5670111e+07]]"
2020_06_19,"[[1.3440865e+07 2.4740000e+03 3.9980000e+04 6.1567000e+04 6.3120000e+03]
 [2.6340000e+03 7.2739940e+06 1.2090000e+03 4.2668000e+04 3.4540000e+03]
 [3.1674000e+04 2.1320000e+03 3.9962510e+06 1.8883700e+05 1.4780000e+03]
 [5.0462000e+04 6.5726000e+04 1.3261000e+05 6.2077460e+07 2.7087000e+04]
 [7.1760000e+03 4.9270000e+03 1.5170000e+03 2.9285000e+04 1.5967798e+07]]"
2020_06_20,"[[1.3058324e+07 2.4120000e+03 4.2897000e+04 6.0590000e+04 8.0610000e+03]
 [2.6500000e+03 6.7824600e+06 1.6110000e+03 4.4681000e+04 3.6890000e+03]
 [3.7363000e+04 2.0120000e+03 3.8430540e+06 2.1256800e+05 1.3090000e+03]
 [5.3844000e+04 8.5157000e+04 1.5266800e+05 6.0416868e+07 2.9018000e+04]
 [6.0170000e+03 5.8710000e+03 2.0480000e+03 2.9428000e+04 1.5486270e+07]]"
2020_06_21,"[[1.1964119e+07 3.0030000e+03 3.7601000e+04 5.1157000e+04 6.8380000e+03]
 [2.5810000e+03 6.0428770e+06 1.8780000e+03 3.7409000e+04 3.6490000e+03]
 [3.1144000e+04 1.7530000e+03 3.5354040e+06 1.6481200e+05 1.0620000e+03]
 [4.9405000e+04 6.1166000e+04 1.3129100e+05 5.3936711e+07 2.8160000e+04]
 [6.1230000e+03 5.3700000e+03 2.3180000e+03 2.7528000e+04 1.4660773e+07]]"
2020_06_22,"[[1.2511775e+07 2.3930000e+03 4.0832000e+04 5.4555000e+04 6.0200000e+03]
 [2.8610000e+03 6.3594660e+06 1.4690000e+03 3.5196000e+04 3.9730000e+03]
 [2.8072000e+04 1.6870000e+03 3.7547330e+06 1.5574800e+05 1.1920000e+03]
 [4.8580000e+04 4.8945000e+04 1.1326000e+05 5.5574868e+07 2.5974000e+04]
 [5.1070000e+03 4.7020000e+03 1.7780000e+03 2.6505000e+04 1.4826630e+07]]"
2020_06_23,"[[1.2753798e+07 1.9020000e+03 3.7835000e+04 5.1824000e+04 5.7260000e+03]
 [3.1070000e+03 6.4830330e+06 1.6760000e+03 3.6049000e+04 4.2930000e+03]
 [2.5405000e+04 1.8130000e+03 3.7677730e+06 1.5431600e+05 1.3370000e+03]
 [4.8378000e+04 4.4230000e+04 1.1020800e+05 5.5702333e+07 2.6822000e+04]
 [5.5450000e+03 5.1640000e+03 1.8660000e+03 2.6059000e+04 1.5394821e+07]]"
2020_06_24,"[[1.2918352e+07 2.5360000e+03 3.7274000e+04 5.3528000e+04 5.7060000e+03]
 [3.2110000e+03 6.4134880e+06 1.5090000e+03 3.6338000e+04 4.9510000e+03]
 [2.7514000e+04 1.3400000e+03 3.8408250e+06 1.5272500e+05 2.0220000e+03]
 [4.9612000e+04 4.8077000e+04 1.1481200e+05 5.7470492e+07 2.8644000e+04]
 [5.7500000e+03 5.1440000e+03 2.0760000e+03 2.7907000e+04 1.5889675e+07]]"
2020_06_25,"[[1.3044701e+07 2.5480000e+03 4.0973000e+04 5.8910000e+04 6.5450000e+03]
 [2.5410000e+03 6.6109210e+06 1.5600000e+03 3.7460000e+04 4.7340000e+03]
 [3.0634000e+04 1.5350000e+03 3.8749200e+06 1.6959900e+05 2.1990000e+03]
 [4.9800000e+04 5.3898000e+04 1.2664000e+05 5.7847660e+07 2.8997000e+04]
 [5.2220000e+03 5.0040000e+03 2.2920000e+03 2.9569000e+04 1.5709869e+07]]"
2020_06_26,"[[1.3547305e+07 2.0040000e+03 4.4550000e+04 5.7186000e+04 5.8980000e+03]
 [1.7880000e+03 6.9720690e+06 1.7100000e+03 3.7069000e+04 4.4050000e+03]
 [3.4476000e+04 1.3390000e+03 4.0406190e+06 1.7603500e+05 1.7700000e+03]
 [5.0239000e+04 6.5084000e+04 1.4709500e+05 6.0469986e+07 2.4692000e+04]
 [4.3230000e+03 5.4500000e+03 1.5510000e+03 2.7417000e+04 1.6761495e+07]]"
2020_06_27,"[[1.2768880e+07 2.1370000e+03 4.6230000e+04 6.1679000e+04 6.0430000e+03]
 [1.9620000e+03 6.3702010e+06 2.1460000e+03 3.5894000e+04 5.0380000e+03]
 [3.3176000e+04 1.1180000e+03 3.7187690e+06 1.7364500e+05 1.8260000e+03]
 [5.2300000e+04 8.2383000e+04 1.6440000e+05 5.7332449e+07 2.5431000e+04]
 [4.6560000e+03 5.6700000e+03 1.8210000e+03 2.8316000e+04 1.5773890e+07]]"
2020_06_28,"[[1.1531888e+07 2.4260000e+03 4.0434000e+04 6.2644000e+04 6.3310000e+03]
 [2.6110000e+03 5.8588670e+06 2.3330000e+03 3.6043000e+04 5.2750000e+03]
 [3.4005000e+04 1.5220000e+03 3.4651420e+06 1.6117500e+05 1.7370000e+03]
 [5.2915000e+04 6.5048000e+04 1.4866900e+05 5.1753280e+07 2.5918000e+04]
 [5.8610000e+03 5.6340000e+03 2.6840000e+03 3.0780000e+04 1.4408657e+07]]"
2020_06_29,"[[1.2452903e+07 2.7070000e+03 3.9713000e+04 5.7573000e+04 6.8940000e+03]
 [3.0550000e+03 6.4721190e+06 2.0710000e+03 3.6573000e+04 4.6020000e+03]
 [2.9242000e+04 1.4930000e+03 3.7643190e+06 1.5382100e+05 2.0770000e+03]
 [5.0450000e+04 5.3324000e+04 1.2438500e+05 5.5971062e+07 2.6697000e+04]
 [6.2800000e+03 5.1930000e+03 2.5680000e+03 2.9340000e+04 1.5370217e+07]]"
2020_06_30,"[[1.2491438e+07 2.0730000e+03 3.9761000e+04 5.6560000e+04 6.5630000e+03]
 [3.3920000e+03 6.5644620e+06 1.7670000e+03 3.5347000e+04 5.4560000e+03]
 [2.6359000e+04 1.4140000e+03 3.8168030e+06 1.5158200e+05 1.8710000e+03]
 [5.0335000e+04 4.8220000e+04 1.2762300e+05 5.6981367e+07 2.8058000e+04]
 [5.8720000e+03 4.7610000e+03 2.8150000e+03 3.2030000e+04 1.5697113e+07]]"
2020_07_01,"[[1.2595590e+07 2.7600000e+03 4.3509000e+04 5.4805000e+04 7.1150000e+03]
 [2.8710000e+03 6.5227340e+06 1.0700000e+03 3.3964000e+04 5.0250000e+03]
 [2.6040000e+04 1.6700000e+03 3.9357700e+06 1.4870000e+05 1.4320000e+03]
 [4.6181000e+04 5.1012000e+04 1.3585600e+05 5.7692480e+07 2.5513000e+04]
 [4.8320000e+03 5.4290000e+03 2.1820000e+03 2.8695000e+04 1.5735422e+07]]"
2020_07_02,"[[1.3154245e+07 2.9160000e+03 4.8173000e+04 5.9553000e+04 7.1790000e+03]
 [2.7520000e+03 6.7030470e+06 1.3620000e+03 3.7423000e+04 5.2070000e+03]
 [2.9537000e+04 1.4580000e+03 3.9297190e+06 1.6207900e+05 1.2880000e+03]
 [4.8048000e+04 6.5871000e+04 1.4978900e+05 5.9264485e+07 2.7462000e+04]
 [5.7010000e+03 6.5570000e+03 2.3350000e+03 3.1115000e+04 1.6294949e+07]]"
2020_07_03,"[[1.2855542e+07 3.6090000e+03 5.7673000e+04 6.4598000e+04 7.1600000e+03]
 [2.1400000e+03 6.7343820e+06 1.6830000e+03 4.4669000e+04 5.4040000e+03]
 [3.0098000e+04 1.5600000e+03 3.8788620e+06 1.8464600e+05 1.4900000e+03]
 [5.3742000e+04 8.8375000e+04 1.7293400e+05 5.9848174e+07 3.0400000e+04]
 [6.2290000e+03 7.7760000e+03 3.0950000e+03 3.4769000e+04 1.6210921e+07]]"
2020_07_04,"[[1.1209522e+07 3.0660000e+03 4.5999000e+04 5.7383000e+04 6.6310000e+03]
 [2.0330000e+03 5.6660030e+06 1.4730000e+03 4.0619000e+04 4.8620000e+03]
 [2.7036000e+04 1.8540000e+03 3.4528460e+06 1.4539100e+05 1.9910000e+03]
 [4.7572000e+04 8.6053000e+04 1.7185100e+05 5.2951604e+07 2.8126000e+04]
 [5.1030000e+03 6.5800000e+03 1.9810000e+03 3.4416000e+04 1.4373697e+07]]"
2020_07_05,"[[1.0851024e+07 3.5190000e+03 4.4630000e+04 5.6194000e+04 6.8260000e+03]
 [1.6410000e+03 5.4716600e+06 1.2920000e+03 3.9816000e+04 4.6000000e+03]
 [2.7091000e+04 1.3850000e+03 3.2884510e+06 1.3970600e+05 1.9520000e+03]
 [5.1419000e+04 7.8931000e+04 1.5608100e+05 4.9363309e+07 2.9376000e+04]
 [5.1370000e+03 6.4310000e+03 1.9850000e+03 3.3850000e+04 1.3782769e+07]]"
2020_07_06,"[[1.2015662e+07 3.4460000e+03 4.4192000e+04 5.4416000e+04 7.2130000e+03]
 [1.5830000e+03 6.3594340e+06 1.2580000e+03 3.7088000e+04 4.8790000e+03]
 [2.6410000e+04 1.3450000e+03 3.7172430e+06 1.4660500e+05 1.8700000e+03]
 [5.0524000e+04 6.0348000e+04 1.2445700e+05 5.3903735e+07 2.9498000e+04]
 [5.4640000e+03 5.6100000e+03 1.9670000e+03 3.0292000e+04 1.5013786e+07]]"
2020_07_07,"[[1.2066362e+07 3.0630000e+03 4.3599000e+04 4.8438000e+04 6.6870000e+03]
 [1.8920000e+03 6.3783340e+06 1.4800000e+03 3.6002000e+04 4.5560000e+03]
 [2.3387000e+04 1.5540000e+03 3.7459870e+06 1.4066200e+05 1.3060000e+03]
 [4.8543000e+04 4.8625000e+04 1.1759600e+05 5.4448837e+07 2.9049000e+04]
 [5.5900000e+03 5.1930000e+03 2.2540000e+03 2.8367000e+04 1.5197644e+07]]"
2020_07_08,"[[1.2282092e+07 3.2090000e+03 4.3718000e+04 5.0783000e+04 6.4000000e+03]
 [2.4320000e+03 6.3219900e+06 1.5230000e+03 3.4141000e+04 4.1220000e+03]
 [2.4970000e+04 1.6190000e+03 3.7359090e+06 1.4280500e+05 1.1920000e+03]
 [4.8876000e+04 4.8792000e+04 1.1375600e+05 5.5741256e+07 2.9754000e+04]
 [5.5460000e+03 5.5100000e+03 2.0410000e+03 2.8147000e+04 1.5356458e+07]]"
2020_07_09,"[[1.2406318e+07 2.8890000e+03 4.3418000e+04 5.2258000e+04 6.1020000e+03]
 [2.6890000e+03 6.5170610e+06 1.6000000e+03 3.4089000e+04 4.3530000e+03]
 [2.6527000e+04 1.8140000e+03 3.7231720e+06 1.4473700e+05 1.4560000e+03]
 [5.0011000e+04 5.4128000e+04 1.2200600e+05 5.6717642e+07 3.0833000e+04]
 [6.3560000e+03 5.2840000e+03 2.3240000e+03 2.5951000e+04 1.5502819e+07]]"
2020_07_10,"[[1.2475367e+07 2.4280000e+03 4.5919000e+04 5.2401000e+04 6.3170000e+03]
 [2.4350000e+03 6.8843520e+06 1.5630000e+03 3.7786000e+04 4.8450000e+03]
 [2.9439000e+04 1.7310000e+03 3.8703890e+06 1.6180500e+05 1.7980000e+03]
 [5.2702000e+04 6.9154000e+04 1.3427800e+05 5.9632081e+07 3.1040000e+04]
 [5.6750000e+03 6.0180000e+03 2.5480000e+03 2.9172000e+04 1.6094494e+07]]"
2020_07_11,"[[1.2124725e+07 2.4050000e+03 4.2452000e+04 5.4656000e+04 7.2950000e+03]
 [2.1170000e+03 6.3846180e+06 1.9070000e+03 3.6036000e+04 4.6950000e+03]
 [2.7133000e+04 1.3400000e+03 3.6414170e+06 1.5646600e+05 1.1090000e+03]
 [5.0061000e+04 8.8262000e+04 1.4431200e+05 5.6997678e+07 2.8125000e+04]
 [6.0820000e+03 4.9220000e+03 2.6200000e+03 2.8204000e+04 1.5638724e+07]]"
2020_07_12,"[[1.1197678e+07 2.4190000e+03 3.6622000e+04 5.0225000e+04 7.0980000e+03]
 [1.9460000e+03 5.6932670e+06 1.5250000e+03 3.2721000e+04 4.7740000e+03]
 [2.3881000e+04 1.8630000e+03 3.3316900e+06 1.2608000e+05 1.7250000e+03]
 [4.7235000e+04 6.0098000e+04 1.1982300e+05 5.1291064e+07 2.7596000e+04]
 [4.9000000e+03 6.0360000e+03 2.7620000e+03 2.8174000e+04 1.4379182e+07]]"
2020_07_13,"[[1.2216136e+07 2.5010000e+03 3.5853000e+04 4.7836000e+04 6.2070000e+03]
 [2.1020000e+03 6.3784740e+06 1.5920000e+03 3.2832000e+04 4.5350000e+03]
 [2.4241000e+04 1.5880000e+03 3.5730470e+06 1.3091100e+05 1.8250000e+03]
 [4.7382000e+04 4.9956000e+04 1.0620900e+05 5.4977129e+07 2.6709000e+04]
 [4.7320000e+03 6.2800000e+03 2.5550000e+03 2.9619000e+04 1.5090484e+07]]"
2020_07_14,"[[1.2514394e+07 2.5970000e+03 3.4531000e+04 4.9238000e+04 6.6990000e+03]
 [2.2310000e+03 6.4866180e+06 1.1800000e+03 3.3512000e+04 4.1640000e+03]
 [2.2821000e+04 1.5220000e+03 3.6624700e+06 1.2795000e+05 1.6570000e+03]
 [4.4121000e+04 4.7244000e+04 1.0374400e+05 5.5810081e+07 2.7990000e+04]
 [4.4280000e+03 6.4310000e+03 2.6820000e+03 2.9915000e+04 1.5372433e+07]]"
2020_07_15,"[[1.2491920e+07 2.7360000e+03 3.3125000e+04 4.7829000e+04 6.3780000e+03]
 [2.2630000e+03 6.4197270e+06 1.3300000e+03 3.4184000e+04 4.5520000e+03]
 [2.3958000e+04 1.2770000e+03 3.6680670e+06 1.3045000e+05 1.7830000e+03]
 [4.8676000e+04 4.8507000e+04 1.0976700e+05 5.6496104e+07 3.0777000e+04]
 [5.1550000e+03 6.8740000e+03 2.9250000e+03 2.7075000e+04 1.5601225e+07]]"
2020_07_16,"[[1.2370664e+07 2.6260000e+03 3.5503000e+04 5.1129000e+04 6.7450000e+03]
 [2.1440000e+03 6.6083000e+06 1.4850000e+03 3.4545000e+04 5.0120000e+03]
 [2.4640000e+04 1.3400000e+03 3.7118280e+06 1.4207700e+05 2.5240000e+03]
 [4.8515000e+04 5.7574000e+04 1.1949500e+05 5.7551892e+07 2.9267000e+04]
 [5.9210000e+03 7.3650000e+03 2.8140000e+03 2.8475000e+04 1.5733908e+07]]"
2020_07_17,"[[1.2999713e+07 2.7810000e+03 4.0952000e+04 5.3458000e+04 7.3460000e+03]
 [2.1680000e+03 6.9595300e+06 1.3240000e+03 3.7299000e+04 5.2060000e+03]
 [2.6820000e+04 1.9930000e+03 3.8989900e+06 1.6665400e+05 1.8340000e+03]
 [4.7945000e+04 7.0514000e+04 1.3450300e+05 6.0280729e+07 3.0455000e+04]
 [5.6830000e+03 7.3700000e+03 2.5660000e+03 2.9207000e+04 1.6207688e+07]]"
2020_07_18,"[[1.2469278e+07 3.0240000e+03 3.8746000e+04 5.4985000e+04 7.4030000e+03]
 [2.5990000e+03 6.4142940e+06 2.0580000e+03 3.7577000e+04 5.6990000e+03]
 [2.3722000e+04 1.6300000e+03 3.6086900e+06 1.6677100e+05 1.8830000e+03]
 [5.0713000e+04 9.2382000e+04 1.4263200e+05 5.7200364e+07 3.2625000e+04]
 [5.9460000e+03 7.0150000e+03 2.4750000e+03 2.8117000e+04 1.5477905e+07]]"
2020_07_19,"[[1.1434193e+07 2.7730000e+03 3.3932000e+04 4.9304000e+04 6.6750000e+03]
 [2.3420000e+03 5.7171170e+06 1.7070000e+03 3.1933000e+04 4.2340000e+03]
 [2.3803000e+04 1.0110000e+03 3.3125330e+06 1.3527600e+05 1.7930000e+03]
 [4.6481000e+04 5.9593000e+04 1.2601600e+05 5.1691190e+07 2.9724000e+04]
 [6.2020000e+03 5.4030000e+03 2.6550000e+03 2.7983000e+04 1.4161660e+07]]"
2020_07_20,"[[1.2397805e+07 2.6540000e+03 3.0092000e+04 4.7050000e+04 5.9230000e+03]
 [2.9570000e+03 6.4721070e+06 2.0100000e+03 3.1095000e+04 4.1260000e+03]
 [2.3222000e+04 1.0020000e+03 3.6707480e+06 1.3567200e+05 2.0510000e+03]
 [4.2906000e+04 4.7348000e+04 1.1285100e+05 5.5488441e+07 2.9580000e+04]
 [6.0680000e+03 4.1140000e+03 1.9910000e+03 2.7234000e+04 1.4995791e+07]]"
2020_07_21,"[[1.2333843e+07 2.5320000e+03 3.0467000e+04 4.8029000e+04 5.9400000e+03]
 [2.6670000e+03 6.4352450e+06 1.8120000e+03 3.0986000e+04 4.4540000e+03]
 [2.2848000e+04 1.1900000e+03 3.6414230e+06 1.3091800e+05 2.0290000e+03]
 [4.2505000e+04 4.4119000e+04 1.0655400e+05 5.5400079e+07 2.9527000e+04]
 [5.6620000e+03 4.0950000e+03 1.6560000e+03 2.4539000e+04 1.4906464e+07]]"
2020_07_22,"[[1.2475995e+07 2.4310000e+03 3.3365000e+04 4.7315000e+04 6.2340000e+03]
 [2.4650000e+03 6.4506630e+06 1.7140000e+03 3.2016000e+04 4.8430000e+03]
 [2.6394000e+04 1.2300000e+03 3.6937960e+06 1.3391500e+05 2.1360000e+03]
 [4.5984000e+04 4.6295000e+04 1.1119200e+05 5.6097790e+07 3.0260000e+04]
 [6.2130000e+03 3.7240000e+03 1.6700000e+03 2.6071000e+04 1.4946477e+07]]"
2020_07_23,"[[1.2479800e+07 1.9510000e+03 3.4849000e+04 5.0405000e+04 6.8380000e+03]
 [2.2790000e+03 6.4837070e+06 2.4040000e+03 3.3769000e+04 4.4960000e+03]
 [2.7848000e+04 1.2690000e+03 3.6723350e+06 1.4145700e+05 1.8070000e+03]
 [4.6831000e+04 4.9319000e+04 1.1572000e+05 5.6614649e+07 2.9279000e+04]
 [6.2950000e+03 3.6240000e+03 2.0980000e+03 2.5891000e+04 1.5043109e+07]]"
2020_07_24,"[[1.2913832e+07 2.8310000e+03 3.8461000e+04 5.5668000e+04 7.2230000e+03]
 [2.2320000e+03 6.7205120e+06 1.9950000e+03 3.6490000e+04 4.5510000e+03]
 [2.9385000e+04 1.1580000e+03 3.8031940e+06 1.6374100e+05 2.2300000e+03]
 [4.9314000e+04 6.4593000e+04 1.3570800e+05 5.9621047e+07 3.1879000e+04]
 [6.7890000e+03 4.5840000e+03 1.6970000e+03 2.6773000e+04 1.5884725e+07]]"
2020_07_25,"[[1.2446229e+07 2.8060000e+03 3.8242000e+04 5.5951000e+04 7.4040000e+03]
 [2.4600000e+03 6.1110740e+06 2.3470000e+03 3.6825000e+04 4.5570000e+03]
 [2.6510000e+04 1.2630000e+03 3.5642120e+06 1.6692900e+05 2.0250000e+03]
 [4.8223000e+04 8.1151000e+04 1.3973700e+05 5.4618167e+07 3.1517000e+04]
 [7.2390000e+03 4.4950000e+03 2.3180000e+03 2.6408000e+04 1.5379688e+07]]"
2020_07_26,"[[1.1389450e+07 1.8630000e+03 3.2316000e+04 4.9965000e+04 6.2800000e+03]
 [2.1690000e+03 5.6235160e+06 1.8790000e+03 3.3845000e+04 4.3010000e+03]
 [2.4030000e+04 1.2920000e+03 3.2887120e+06 1.3857500e+05 1.9050000e+03]
 [4.4780000e+04 5.6019000e+04 1.1985100e+05 4.9851603e+07 2.8408000e+04]
 [6.6930000e+03 4.3670000e+03 2.2720000e+03 2.4058000e+04 1.4144762e+07]]"
2020_07_27,"[[1.1896912e+07 1.9690000e+03 3.0230000e+04 4.4993000e+04 6.4500000e+03]
 [2.2800000e+03 6.2681980e+06 1.4230000e+03 3.2191000e+04 3.7920000e+03]
 [2.4419000e+04 1.4540000e+03 3.5910600e+06 1.3523300e+05 1.6300000e+03]
 [4.4157000e+04 4.7233000e+04 1.0991300e+05 5.4753610e+07 2.9108000e+04]
 [6.9280000e+03 4.9640000e+03 1.8030000e+03 2.4679000e+04 1.4872879e+07]]"
2020_07_28,"[[1.2212711e+07 1.9320000e+03 3.1106000e+04 4.1854000e+04 5.9000000e+03]
 [1.9670000e+03 6.3061970e+06 1.4320000e+03 3.1622000e+04 4.1530000e+03]
 [2.3609000e+04 1.3890000e+03 3.5908650e+06 1.2843000e+05 1.7370000e+03]
 [4.2474000e+04 4.2526000e+04 1.0403400e+05 5.4081829e+07 2.9364000e+04]
 [6.2480000e+03 4.5770000e+03 2.3550000e+03 2.5042000e+04 1.4669152e+07]]"
2020_07_29,"[[1.2251367e+07 2.1900000e+03 3.0957000e+04 4.4016000e+04 6.4530000e+03]
 [2.8520000e+03 6.3511160e+06 1.3070000e+03 3.2399000e+04 4.3020000e+03]
 [2.4588000e+04 1.3410000e+03 3.6388780e+06 1.3415700e+05 2.0420000e+03]
 [4.3344000e+04 4.3676000e+04 1.0980300e+05 5.5232082e+07 2.8168000e+04]
 [6.9590000e+03 4.4780000e+03 2.6740000e+03 2.6274000e+04 1.4988836e+07]]"
2020_07_30,"[[1.2555802e+07 2.0960000e+03 3.3947000e+04 4.9515000e+04 6.5340000e+03]
 [2.6860000e+03 6.5343240e+06 1.4810000e+03 3.3463000e+04 3.6370000e+03]
 [2.4978000e+04 1.6030000e+03 3.6860640e+06 1.4127500e+05 1.7880000e+03]
 [4.5446000e+04 5.0083000e+04 1.1716800e+05 5.6954669e+07 2.9298000e+04]
 [6.9290000e+03 4.4420000e+03 2.5840000e+03 2.8881000e+04 1.4985462e+07]]"
2020_07_31,"[[1.3220987e+07 1.9640000e+03 3.9897000e+04 5.6944000e+04 5.9120000e+03]
 [2.5520000e+03 6.9419650e+06 1.1770000e+03 3.7875000e+04 3.8280000e+03]
 [2.9899000e+04 1.7360000e+03 3.8015600e+06 1.6016900e+05 1.9660000e+03]
 [4.7307000e+04 6.1884000e+04 1.3225400e+05 6.0171069e+07 3.2039000e+04]
 [6.3520000e+03 5.3630000e+03 2.7650000e+03 3.0000000e+04 1.5481799e+07]]"
2020_08_01,"[[1.2583931e+07 2.0410000e+03 3.5966000e+04 4.9198000e+04 4.3460000e+03]
 [1.9670000e+03 6.3803910e+06 1.2260000e+03 3.5493000e+04 3.4610000e+03]
 [2.5733000e+04 1.4170000e+03 3.5874170e+06 1.6187500e+05 1.8270000e+03]
 [4.3827000e+04 7.7032000e+04 1.3413600e+05 5.7388717e+07 2.6093000e+04]
 [5.2330000e+03 5.0690000e+03 2.4020000e+03 2.3930000e+04 1.4979058e+07]]"
2020_08_02,"[[1.1152278e+07 1.9370000e+03 3.0220000e+04 4.1646000e+04 4.6770000e+03]
 [1.8040000e+03 5.7446400e+06 1.3050000e+03 3.2929000e+04 3.4060000e+03]
 [2.1912000e+04 1.5100000e+03 3.2717090e+06 1.3255100e+05 1.3920000e+03]
 [4.0254000e+04 5.0562000e+04 1.1490600e+05 5.1660873e+07 2.4659000e+04]
 [4.4980000e+03 4.4360000e+03 2.3570000e+03 2.1182000e+04 1.3760974e+07]]"
2020_08_03,"[[1.2349390e+07 2.1810000e+03 2.9409000e+04 4.0107000e+04 4.4660000e+03]
 [1.8940000e+03 6.5501520e+06 1.1650000e+03 3.0303000e+04 3.8380000e+03]
 [2.3416000e+04 1.1840000e+03 3.6824130e+06 1.2655400e+05 8.7700000e+02]
 [4.0447000e+04 4.2147000e+04 1.0471300e+05 5.5392093e+07 2.4247000e+04]
 [5.0450000e+03 4.0420000e+03 2.2240000e+03 2.0791000e+04 1.4445442e+07]]"
2020_08_04,"[[1.2650949e+07 1.7570000e+03 2.8852000e+04 4.0529000e+04 3.9320000e+03]
 [1.8030000e+03 6.5891930e+06 1.2620000e+03 3.0642000e+04 3.6180000e+03]
 [2.1869000e+04 1.3840000e+03 3.7085180e+06 1.2557700e+05 1.1400000e+03]
 [4.1353000e+04 4.0216000e+04 1.0599000e+05 5.6582759e+07 2.5047000e+04]
 [5.1170000e+03 3.8420000e+03 2.0880000e+03 2.1810000e+04 1.4438008e+07]]"
2020_08_05,"[[1.2273538e+07 1.5830000e+03 2.7129000e+04 4.0174000e+04 4.2570000e+03]
 [1.6570000e+03 6.6180010e+06 1.0810000e+03 2.8526000e+04 3.9750000e+03]
 [2.2890000e+04 1.5620000e+03 3.6869050e+06 1.2531000e+05 1.0750000e+03]
 [4.0966000e+04 4.3447000e+04 1.0548700e+05 5.6668376e+07 2.5933000e+04]
 [5.4780000e+03 4.8450000e+03 2.4950000e+03 2.3143000e+04 1.5205665e+07]]"
2020_08_06,"[[1.2387696e+07 1.9680000e+03 2.6365000e+04 3.9017000e+04 4.3310000e+03]
 [2.0640000e+03 6.6374740e+06 1.4670000e+03 3.0066000e+04 4.7000000e+03]
 [2.3082000e+04 1.4050000e+03 3.6546860e+06 1.2737600e+05 9.6300000e+02]
 [4.5204000e+04 4.5010000e+04 1.1165700e+05 5.6996922e+07 2.7327000e+04]
 [6.2290000e+03 4.4170000e+03 2.5900000e+03 2.2200000e+04 1.4811277e+07]]"
2020_08_07,"[[1.2767044e+07 2.0620000e+03 3.1460000e+04 4.0369000e+04 4.8680000e+03]
 [2.2010000e+03 6.9940670e+06 1.0640000e+03 3.1956000e+04 3.9120000e+03]
 [2.7975000e+04 1.1350000e+03 3.7903620e+06 1.5064300e+05 1.0940000e+03]
 [4.8223000e+04 5.3902000e+04 1.2157700e+05 5.9854697e+07 2.8435000e+04]
 [5.5240000e+03 4.7600000e+03 2.1970000e+03 2.5281000e+04 1.5483124e+07]]"
2020_08_08,"[[1.2432969e+07 2.1130000e+03 3.3176000e+04 4.2139000e+04 5.3350000e+03]
 [2.1710000e+03 6.3887560e+06 1.1710000e+03 3.2022000e+04 3.5740000e+03]
 [2.7113000e+04 1.4690000e+03 3.5846170e+06 1.7077600e+05 9.3700000e+02]
 [4.7940000e+04 7.0366000e+04 1.3274700e+05 5.7514771e+07 2.8827000e+04]
 [5.6230000e+03 4.8290000e+03 2.0340000e+03 2.5933000e+04 1.4887006e+07]]"
2020_08_09,"[[1.1493244e+07 2.1600000e+03 3.0345000e+04 4.2752000e+04 4.8430000e+03]
 [1.4670000e+03 5.8144630e+06 1.2790000e+03 2.9136000e+04 4.0130000e+03]
 [2.3043000e+04 1.5390000e+03 3.3477020e+06 1.4540000e+05 1.1150000e+03]
 [4.6445000e+04 5.5795000e+04 1.1661400e+05 5.2897569e+07 2.8370000e+04]
 [6.4290000e+03 4.7120000e+03 2.1190000e+03 2.4245000e+04 1.4199571e+07]]"
2020_08_10,"[[1.1575018e+07 2.1660000e+03 2.5457000e+04 3.9229000e+04 4.8910000e+03]
 [1.5330000e+03 6.4088750e+06 1.0580000e+03 2.8590000e+04 3.3520000e+03]
 [2.1761000e+04 1.2150000e+03 3.5602880e+06 1.2562500e+05 1.3370000e+03]
 [4.1935000e+04 4.3082000e+04 1.0196200e+05 5.5007800e+07 2.6912000e+04]
 [5.7410000e+03 4.4860000e+03 1.6240000e+03 2.3479000e+04 1.4607952e+07]]"
2020_08_11,"[[1.1986452e+07 2.0680000e+03 2.5213000e+04 4.1277000e+04 5.0620000e+03]
 [1.6750000e+03 6.3903200e+06 1.2500000e+03 2.6774000e+04 3.4690000e+03]
 [2.0609000e+04 1.1270000e+03 3.5800940e+06 1.2027700e+05 1.0660000e+03]
 [4.0621000e+04 4.0377000e+04 9.7858000e+04 5.5485739e+07 2.5256000e+04]
 [5.8260000e+03 4.9300000e+03 2.1280000e+03 2.4489000e+04 1.4715361e+07]]"
2020_08_12,"[[1.2355128e+07 2.6490000e+03 2.9015000e+04 4.4094000e+04 5.3710000e+03]
 [1.7550000e+03 6.3972570e+06 8.0500000e+02 2.7246000e+04 3.7510000e+03]
 [2.2099000e+04 1.1320000e+03 3.5890820e+06 1.2735300e+05 1.0060000e+03]
 [4.4566000e+04 4.2243000e+04 1.0108100e+05 5.6285833e+07 2.6528000e+04]
 [5.9740000e+03 4.5530000e+03 2.6760000e+03 2.6050000e+04 1.4640745e+07]]"
